{
	"groups": [
		{
			"keys": "bg_jpg,egret_icon_png,description_json,cards_json,btns",
			"name": "preload"
		}
	],
	"resources": [
		{
			"name": "bg_jpg",
			"type": "image",
			"url": "assets/bg.jpg"
		},
		{
			"name": "egret_icon_png",
			"type": "image",
			"url": "assets/egret_icon.png"
		},
		{
			"name": "description_json",
			"type": "json",
			"url": "config/description.json"
		},
		{
			"name": "cards_json",
			"type": "sheet",
			"url": "assets/cards.json",
			"subkeys": "a1,a10,a11,a12,a13,a2,a3,a4,a5,a6,a7,a8,a9,b1,b10,b11,b12,b13,b2,b3,b4,b5,b6,b7,b8,b9,back,c1,c10,c11,c12,c13,c2,c3,c4,c5,c6,c7,c8,c9,d1,d10,d11,d12,d13,d2,d3,d4,d5,d6,d7,d8,d9,e1,e2"
		}
		,
		{
			"name": "btns",
			"type": "sheet",
			"url": "assets/btns.json",
			"subkeys": "startBtn,updateBtn"
		}
	]
}