{

"file": "cards.png",
	
"frames": {

"a1":
{
	"x":0,"y":0,"w":175,"h":253,
	"offX":0,
    "offY":0,
    "sourceW":175,
    "sourceH":253
},
"a10":
{
	"x":175,"y":0,"w":175,"h":252,
	"offX":0,
    "offY":0,
    "sourceW":175,
    "sourceH":253
},
"a11":
{
	"x":350,"y":0,"w":175,"h":253,
	"offX":0,
    "offY":0,
    "sourceW":175,
    "sourceH":253
},
"a12":
{
	"x":525,"y":0,"w":175,"h":253,
	"offX":0,
    "offY":0,
    "sourceW":175,
    "sourceH":253
},
"a13":
{
	"x":700,"y":0,"w":175,"h":252,
	"offX":0,
    "offY":0,
    "sourceW":175,
    "sourceH":253
},
"a2":
{
	"x":875,"y":0,"w":175,"h":253,
	"offX":0,
    "offY":0,
    "sourceW":175,
    "sourceH":253
},
"a3":
{
	"x":1050,"y":0,"w":175,"h":252,
	"offX":0,
    "offY":0,
    "sourceW":175,
    "sourceH":253
},
"a4":
{
	"x":1225,"y":0,"w":175,"h":252,
	"offX":0,
    "offY":0,
    "sourceW":175,
    "sourceH":253
},
"a5":
{
	"x":1400,"y":0,"w":175,"h":252,
	"offX":0,
    "offY":0,
    "sourceW":175,
    "sourceH":253
},
"a6":
{
	"x":1575,"y":0,"w":175,"h":252,
	"offX":0,
    "offY":0,
    "sourceW":175,
    "sourceH":253
},
"a7":
{
	"x":1750,"y":0,"w":175,"h":253,
	"offX":0,
    "offY":0,
    "sourceW":175,
    "sourceH":253
},
"a8":
{
	"x":0,"y":253,"w":175,"h":253,
	"offX":0,
    "offY":0,
    "sourceW":175,
    "sourceH":253
},
"a9":
{
	"x":175,"y":253,"w":175,"h":252,
	"offX":0,
    "offY":0,
    "sourceW":175,
    "sourceH":253
},
"b1":
{
	"x":350,"y":253,"w":175,"h":253,
	"offX":0,
    "offY":0,
    "sourceW":175,
    "sourceH":253
},
"b10":
{
	"x":525,"y":253,"w":175,"h":252,
	"offX":0,
    "offY":0,
    "sourceW":175,
    "sourceH":253
},
"b11":
{
	"x":700,"y":253,"w":175,"h":253,
	"offX":0,
    "offY":0,
    "sourceW":175,
    "sourceH":253
},
"b12":
{
	"x":875,"y":253,"w":175,"h":253,
	"offX":0,
    "offY":0,
    "sourceW":175,
    "sourceH":253
},
"b13":
{
	"x":1050,"y":253,"w":175,"h":252,
	"offX":0,
    "offY":0,
    "sourceW":175,
    "sourceH":253
},
"b2":
{
	"x":1225,"y":253,"w":175,"h":253,
	"offX":0,
    "offY":0,
    "sourceW":175,
    "sourceH":253
},
"b3":
{
	"x":1400,"y":253,"w":175,"h":252,
	"offX":0,
    "offY":0,
    "sourceW":175,
    "sourceH":253
},
"b4":
{
	"x":1575,"y":253,"w":175,"h":252,
	"offX":0,
    "offY":0,
    "sourceW":175,
    "sourceH":253
},
"b5":
{
	"x":1750,"y":253,"w":175,"h":252,
	"offX":0,
    "offY":0,
    "sourceW":175,
    "sourceH":253
},
"b6":
{
	"x":0,"y":506,"w":175,"h":252,
	"offX":0,
    "offY":0,
    "sourceW":175,
    "sourceH":253
},
"b7":
{
	"x":175,"y":506,"w":175,"h":253,
	"offX":0,
    "offY":0,
    "sourceW":175,
    "sourceH":253
},
"b8":
{
	"x":350,"y":506,"w":175,"h":253,
	"offX":0,
    "offY":0,
    "sourceW":175,
    "sourceH":253
},
"b9":
{
	"x":525,"y":506,"w":175,"h":252,
	"offX":0,
    "offY":0,
    "sourceW":175,
    "sourceH":253
},
"back":
{
	"x":700,"y":506,"w":175,"h":253,
	"offX":0,
    "offY":0,
    "sourceW":175,
    "sourceH":253
},
"c1":
{
	"x":875,"y":506,"w":175,"h":253,
	"offX":0,
    "offY":0,
    "sourceW":175,
    "sourceH":253
},
"c10":
{
	"x":1050,"y":506,"w":175,"h":252,
	"offX":0,
    "offY":0,
    "sourceW":175,
    "sourceH":253
},
"c11":
{
	"x":1225,"y":506,"w":175,"h":253,
	"offX":0,
    "offY":0,
    "sourceW":175,
    "sourceH":253
},
"c12":
{
	"x":1400,"y":506,"w":175,"h":253,
	"offX":0,
    "offY":0,
    "sourceW":175,
    "sourceH":253
},
"c13":
{
	"x":1575,"y":506,"w":175,"h":252,
	"offX":0,
    "offY":0,
    "sourceW":175,
    "sourceH":253
},
"c2":
{
	"x":1750,"y":506,"w":175,"h":253,
	"offX":0,
    "offY":0,
    "sourceW":175,
    "sourceH":253
},
"c3":
{
	"x":0,"y":759,"w":175,"h":252,
	"offX":0,
    "offY":0,
    "sourceW":175,
    "sourceH":253
},
"c4":
{
	"x":175,"y":759,"w":175,"h":252,
	"offX":0,
    "offY":0,
    "sourceW":175,
    "sourceH":253
},
"c5":
{
	"x":350,"y":759,"w":175,"h":252,
	"offX":0,
    "offY":0,
    "sourceW":175,
    "sourceH":253
},
"c6":
{
	"x":525,"y":759,"w":175,"h":252,
	"offX":0,
    "offY":0,
    "sourceW":175,
    "sourceH":253
},
"c7":
{
	"x":700,"y":759,"w":175,"h":253,
	"offX":0,
    "offY":0,
    "sourceW":175,
    "sourceH":253
},
"c8":
{
	"x":875,"y":759,"w":175,"h":253,
	"offX":0,
    "offY":0,
    "sourceW":175,
    "sourceH":253
},
"c9":
{
	"x":1050,"y":759,"w":175,"h":252,
	"offX":0,
    "offY":0,
    "sourceW":175,
    "sourceH":253
},
"d1":
{
	"x":1225,"y":759,"w":175,"h":253,
	"offX":0,
    "offY":0,
    "sourceW":175,
    "sourceH":253
},
"d10":
{
	"x":1400,"y":759,"w":176,"h":252,
	"offX":0,
    "offY":0,
    "sourceW":175,
    "sourceH":253
},
"d11":
{
	"x":1576,"y":759,"w":175,"h":253,
	"offX":0,
    "offY":0,
    "sourceW":175,
    "sourceH":253
},
"d12":
{
	"x":1751,"y":759,"w":176,"h":253,
	"offX":0,
    "offY":0,
    "sourceW":175,
    "sourceH":253
},
"d13":
{
	"x":0,"y":1012,"w":175,"h":252,
	"offX":0,
    "offY":0,
    "sourceW":175,
    "sourceH":253
},
"d2":
{
	"x":175,"y":1012,"w":176,"h":253,
	"offX":0,
    "offY":0,
    "sourceW":175,
    "sourceH":253
},
"d3":
{
	"x":351,"y":1012,"w":175,"h":252,
	"offX":0,
    "offY":0,
    "sourceW":175,
    "sourceH":253
},
"d4":
{
	"x":526,"y":1012,"w":176,"h":252,
	"offX":0,
    "offY":0,
    "sourceW":175,
    "sourceH":253
},
"d5":
{	
	"x":702,"y":1012,"w":175,"h":252,
	"offX":0,
    "offY":0,
    "sourceW":175,
    "sourceH":253
},
"d6":
{
	"x":877,"y":1012,"w":176,"h":252,
	"offX":0,
    "offY":0,
    "sourceW":175,
    "sourceH":253
},
"d7":
{
	"x":1053,"y":1012,"w":175,"h":253,
	"offX":0,
    "offY":0,
    "sourceW":175,
    "sourceH":253
},
"d8":
{
	"x":1228,"y":1012,"w":176,"h":253,
	"offX":0,
    "offY":0,
    "sourceW":175,
    "sourceH":253
},
"d9":
{
	"x":1404,"y":1012,"w":175,"h":252,
	"offX":0,
    "offY":0,
    "sourceW":175,
    "sourceH":253
},
"e1":
{
	"x":1579,"y":1012,"w":175,"h":252,
	"offX":0,
    "offY":0,
    "sourceW":175,
    "sourceH":253
},
"e2":
{
	"x":1754,"y":1012,"w":175,"h":252,
	"offX":0,
    "offY":0,
    "sourceW":175,
    "sourceH":253
}},
"meta": {
	"app": "Adobe Flash Professional",
	"version": "15.0.0.173",
	"image": "cards.png",
	"format": "RGBA8888",
	"size": {"w":2048,"h":2048},
	"scale": "1"
}
}
