{
	"groups": [
		{
			"keys": "bg_jpg,egret_icon_png,description_json,pen_png,rotate_png,mirror_png",
			"name": "preload"
		}
	],
	"resources": [
		{
			"name": "bg_jpg",
			"type": "image",
			"url": "assets/bg.jpg"
		},
		{
			"name": "egret_icon_png",
			"type": "image",
			"url": "assets/egret_icon.png"
		},
		{
			"name": "description_json",
			"type": "json",
			"url": "config/description.json"
		},
		{
			"name": "pen_png",
			"type": "image",
			"url": "assets/pen.png"
		},
		{
			"name": "rotate_png",
			"type": "image",
			"url": "assets/rotate.png"
		},
		{
			"name": "mirror_png",
			"type": "image",
			"url": "assets/mirror.png"
		}
	]
}