{
	"groups": [
		{
			"keys": "bg_jpg,egret_icon_png,description_json,handle_png,off_png,on_png,button_down_png,button_up_png,checkbox_select_disabled_png,checkbox_select_down_png,checkbox_select_up_png,checkbox_unselect_png,selected_png,border_png,header_png,thumb_pb_png,track_pb_png,radiobutton_select_disabled_png,radiobutton_select_down_png,radiobutton_select_up_png,radiobutton_unselect_png,roundthumb_png,track_sb_png,thumb_png,track_png,tracklight_png,gameEui_json",
			"name": "preload"
		}
	],
	"resources": [
		{
			"name": "bg_jpg",
			"type": "image",
			"url": "assets/bg.jpg"
		},
		{
			"name": "egret_icon_png",
			"type": "image",
			"url": "assets/egret_icon.png"
		},
		{
			"name": "description_json",
			"type": "json",
			"url": "config/description.json"
		},
		{
			"name": "handle_png",
			"type": "image",
			"url": "assets/ToggleSwitch/handle.png"
		},
		{
			"name": "off_png",
			"type": "image",
			"url": "assets/ToggleSwitch/off.png"
		},
		{
			"name": "on_png",
			"type": "image",
			"url": "assets/ToggleSwitch/on.png"
		},
		{
			"name": "button_down_png",
			"type": "image",
			"url": "assets/Button/button_down.png"
		},
		{
			"name": "button_up_png",
			"type": "image",
			"url": "assets/Button/button_up.png"
		},
		{
			"name": "checkbox_select_disabled_png",
			"type": "image",
			"url": "assets/CheckBox/checkbox_select_disabled.png"
		},
		{
			"name": "checkbox_select_down_png",
			"type": "image",
			"url": "assets/CheckBox/checkbox_select_down.png"
		},
		{
			"name": "checkbox_select_up_png",
			"type": "image",
			"url": "assets/CheckBox/checkbox_select_up.png"
		},
		{
			"name": "checkbox_unselect_png",
			"type": "image",
			"url": "assets/CheckBox/checkbox_unselect.png"
		},
		{
			"name": "selected_png",
			"type": "image",
			"url": "assets/ItemRenderer/selected.png"
		},
		{
			"name": "border_png",
			"type": "image",
			"url": "assets/Panel/border.png"
		},
		{
			"name": "header_png",
			"type": "image",
			"url": "assets/Panel/header.png"
		},
		{
			"name": "thumb_pb_png",
			"type": "image",
			"url": "assets/ProgressBar/thumb_pb.png"
		},
		{
			"name": "track_pb_png",
			"type": "image",
			"url": "assets/ProgressBar/track_pb.png"
		},
		{
			"name": "radiobutton_select_disabled_png",
			"type": "image",
			"url": "assets/RadioButton/radiobutton_select_disabled.png"
		},
		{
			"name": "radiobutton_select_down_png",
			"type": "image",
			"url": "assets/RadioButton/radiobutton_select_down.png"
		},
		{
			"name": "radiobutton_select_up_png",
			"type": "image",
			"url": "assets/RadioButton/radiobutton_select_up.png"
		},
		{
			"name": "radiobutton_unselect_png",
			"type": "image",
			"url": "assets/RadioButton/radiobutton_unselect.png"
		},
		{
			"name": "roundthumb_png",
			"type": "image",
			"url": "assets/ScrollBar/roundthumb.png"
		},
		{
			"name": "track_sb_png",
			"type": "image",
			"url": "assets/ScrollBar/track_sb.png"
		},
		{
			"name": "thumb_png",
			"type": "image",
			"url": "assets/Slider/thumb.png"
		},
		{
			"name": "track_png",
			"type": "image",
			"url": "assets/Slider/track.png"
		},
		{
			"name": "tracklight_png",
			"type": "image",
			"url": "assets/Slider/tracklight.png"
		},
		{
			"name": "gameEui_json",
			"type": "json",
			"url": "gameEui.json"
		}
	]
}